{"text": " \u041d\u043e \u043c\u044b \u043d\u0435 \u0437\u043d\u0430\u0435\u043c \u0437\u0430\u043f\u0438\u0441\u0438, \u043f\u0440\u043e\u0432\u0435\u0440\u043a\u0430 \u0433\u043e\u043b\u043e\u0441\u0430 \u0438 \u0441\u0442\u0435\u043a\u043b\u0430 \u0438 \u0440\u0444\u043e\u043b\u043b.", "segments": [{"id": 0, "seek": 0, "start": 0.0, "end": 6.0, "text": " \u041d\u043e \u043c\u044b \u043d\u0435 \u0437\u043d\u0430\u0435\u043c \u0437\u0430\u043f\u0438\u0441\u0438, \u043f\u0440\u043e\u0432\u0435\u0440\u043a\u0430 \u0433\u043e\u043b\u043e\u0441\u0430 \u0438 \u0441\u0442\u0435\u043a\u043b\u0430 \u0438 \u0440\u0444\u043e\u043b\u043b.", "tokens": [50364, 7264, 4777, 1725, 45491, 36426, 435, 11, 30901, 2833, 42390, 386, 1006, 3266, 2872, 4989, 1006, 1475, 3619, 1227, 693, 13, 50664], "temperature": 0.0, "avg_logprob": -0.998324473698934, "compression_ratio": 1.1904761904761905, "no_speech_prob": 0.1818513125181198}], "language": "Russian"}